feature_set,num_features,f1,nmae,score
기존 피처 (9개),9,0.8120063191153238,0.6367350560438222,0.6325097690516654
기존 + 상호작용 (10개),10,0.8120063191153238,0.6405435717411947,0.6309863627727164
기존 + 시계열 확장 (12개),11,0.8120063191153238,0.6438731407628441,0.6296545351640567
기존 + 통계량 (13개),13,0.8120063191153238,0.6571950763861938,0.6243257609147168
전체 피처 (16개),16,0.8120063191153238,0.6582965292806348,0.6238851797569404
