max_lag,tp,fp,fn,precision,recall,f1,total_pairs
4,1319,361,720,0.7851190476190476,0.6468857282981854,0.7093304651788115,1680
5,1533,467,506,0.7665,0.7518391368317803,0.7590987868284229,2000
6,1712,606,327,0.7385677308024159,0.8396272682687592,0.7858618315354603,2318
7,1736,881,303,0.6633549866259075,0.8513977439921531,0.745704467353952,2617
8,1765,1186,274,0.5981023381904439,0.8656204021579206,0.7074148296593186,2951
